<?xml version="1.0" encoding="UTF-8"?>
<project-private xmlns="http://www.netbeans.org/ns/project-private/1">
    <editor-bookmarks xmlns="http://www.netbeans.org/ns/editor-bookmarks/2" lastBookmarkId="0"/>
    <open-files xmlns="http://www.netbeans.org/ns/projectui-open-files/2">
        <group>
            <file>file:/C:/Users/S530458/JavaLab/Atkuri_Lab03Classes/src/stores/Store.java</file>
            <file>file:/C:/Users/S530458/JavaLab/Atkuri_Lab03Classes/src/gpa/StudentGpaCalculator.java</file>
            <file>file:/C:/Users/S530458/JavaLab/Atkuri_Lab03Classes/src/stores/StoreDriver.java</file>
        </group>
    </open-files>
</project-private>
