<?xml version="1.0" encoding="UTF-8"?>
<project-private xmlns="http://www.netbeans.org/ns/project-private/1">
    <editor-bookmarks xmlns="http://www.netbeans.org/ns/editor-bookmarks/2" lastBookmarkId="0"/>
    <open-files xmlns="http://www.netbeans.org/ns/projectui-open-files/2">
        <group>
            <file>file:/C:/Users/s528801/Desktop/LabExam3/test/mappings/MovieMappingTest.java</file>
            <file>file:/C:/Users/s528801/Desktop/LabExam3/src/mappings/MovieDriver.java</file>
            <file>file:/C:/Users/s528801/Desktop/LabExam3/src/mappings/MovieMapping.java</file>
            <file>file:/C:/Users/s528801/Desktop/LabExam3/src/mappings/Person.java</file>
            <file>file:/C:/Users/s528801/Desktop/LabExam3/src/mappings/Movie.java</file>
        </group>
    </open-files>
</project-private>
