<?xml version="1.0" encoding="UTF-8"?>
<project-private xmlns="http://www.netbeans.org/ns/project-private/1">
    <editor-bookmarks xmlns="http://www.netbeans.org/ns/editor-bookmarks/2" lastBookmarkId="0"/>
    <open-files xmlns="http://www.netbeans.org/ns/projectui-open-files/2">
        <group>
            <file>file:/C:/Users/S530458/JavaLab/Atkuri_Lab13SetsAndMaps/src/hospital/AdultInsurance.java</file>
            <file>file:/C:/Users/S530458/JavaLab/Atkuri_Lab13SetsAndMaps/src/hospital/Doctor.java</file>
            <file>file:/C:/Users/S530458/JavaLab/Atkuri_Lab13SetsAndMaps/src/hospital/ChildInsurance.java</file>
            <file>file:/C:/Users/S530458/JavaLab/Atkuri_Lab13SetsAndMaps/src/hospital/Hospital.java</file>
            <file>file:/C:/Users/S530458/JavaLab/Atkuri_Lab13SetsAndMaps/src/hospital/Insurance.java</file>
            <file>file:/C:/Users/S530458/JavaLab/Atkuri_Lab13SetsAndMaps/src/hospital/Patient.java</file>
            <file>file:/C:/Users/S530458/JavaLab/Atkuri_Lab13SetsAndMaps/src/hospital/OutPatient.java</file>
            <file>file:/C:/Users/S530458/JavaLab/Atkuri_Lab13SetsAndMaps/src/hospital/AbstractHospitalInfo.java</file>
            <file>file:/C:/Users/S530458/JavaLab/Atkuri_Lab13SetsAndMaps/src/hospital/AbstractInsurance.java</file>
        </group>
    </open-files>
</project-private>
